{
  "0.1": {
    "OSVM": 224.4039499759674,
    "LOF": 3.481112241744995,
    "IF": 0.19672155380249023
  },
  "0.2": {
    "OSVM": 935.2267191410065,
    "LOF": 13.44179081916809,
    "IF": 0.1983928680419922
  },
  "0.3": {
    "OSVM": 2785.775412797928,
    "LOF": 29.609540700912476,
    "IF": 0.21425628662109375
  },
  "0.4": {
    "OSVM": 3701.3872406482697,
    "LOF": 51.824923276901245,
    "IF": 0.22267580032348633
  },
  "0.5": {
    "OSVM": 7999.816139936447,
    "LOF": 80.94410991668701,
    "IF": 0.2432234287261963
  },
  "0.6": {
    "OSVM": 11260.91597700119,
    "LOF": 118.02604985237122,
    "IF": 0.26134753227233887
  },
  "0.7": {
    "OSVM": 15393.33169579506,
    "LOF": 158.7015585899353,
    "IF": 0.27460408210754395
  },
  "0.8": {
    "OSVM": 20208.287307024002,
    "LOF": 210.182231426239,
    "IF": 0.29837656021118164
  },
  "0.9": {
    "OSVM": 25574.94998073578,
    "LOF": 267.23536944389343,
    "IF": 0.30898451805114746
  },
  "1.0": {
    "OSVM": 23217.00044608116,
    "LOF": 329.44049048423767,
    "IF": 0.32791757583618164
  }
}